module,test,mean_ms,median_ms,p95_ms,p99_ms,throughput_ips,throughput_fps,per_image_ms,total_ms,avg_ips,kmsgs_per_s,degradation_pct,deadline_miss_pct,drop_pct,value,error
preflight,power,,,,,,,,,,,,,,,
preflight,checks,,,,,,,,,,,,,,,
pipeline,end_to_end_ms,42.686,14.613,274.34,560.727,23.427,14.74,,,,,,7.56,1.65,,
thermal,windows_ips,,,,,,,,,,,,,,,
thermal,steady,,,,,,,,,,,0.0,,,,
thermal,window_telemetry,,,,,,,,,,,,,,,
thermal,sustained,,,,,,,,,191.9,,,,,,
thermal,throttling,,,,,,,,,,,,,,none_detected,
thermal,throttling_evidence,,,,,,,,,,,,,,no windowed degradation,
memory,ram_alloc_touch_16mb_gbps,,,,,,,,,,,,,,4.98,
memory,ram_alloc_touch_64mb_gbps,,,,,,,,,,,,,,24.92,
memory,ram_alloc_touch_256mb_gbps,,,,,,,,,,,,,,22.77,
memory,ram_total_gb,,,,,,,,,,,,,,25.77,
memory,vram_note,,,,,,,,,,,,,,VRAM ladder probed on CUDA only,
memory,proc_peak_rss_mb,,,,,,,,,,,,,,224.5,
comms,mavlink_serialize,,,,,,,,3.04,,164.57,,,,,
comms,mavlink_parse_crc,,,,,,,,2.93,,170.93,,,,,
comms,loopback_udp_rtt_ms,0.489,0.206,1.326,2.959,2044.992,,,,,,,,,,
comms,telemetry_process_ms,0.001,0.001,0.002,0.002,754371.933,,,,,,,,,,
comms,sim_link_model_ms,13.319,10.855,28.66,40.543,75.082,,,,,,,,,,
comms,ros2,,,,,,,,,,,,,,unavailable (rclpy not installed),
